epoch,loss,accuracy,val_loss,val_accuracy
0,0.13550393283367157,0.954596996307373,0.09861050546169281,0.9677009582519531
1,0.10363609343767166,0.9651653170585632,0.10544639080762863,0.9666122198104858
2,0.09315328299999237,0.9677053689956665,0.10120486468076706,0.9638903737068176
3,0.08912191540002823,0.9697011113166809,0.08378877490758896,0.9696969985961914
4,0.08190951496362686,0.9704721570014954,0.08544519543647766,0.9733260869979858
